hub_id,hub_name,region,updated_at
1,Metro 01,Metro,2025-12-06
2,Metro 02,Metro,2025-12-06
3,Metro 03,Metro,2025-12-06
4,Metro 04,Metro,2025-12-06
5,Metro 05,Metro,2025-12-06
6,Metro 06,Metro,2025-12-06
7,Metro 07,Metro,2025-12-06
8,Metro 08,Metro,2025-12-06
9,Suburban 01,Suburban,2025-12-06
10,Suburban 02,Suburban,2025-12-06
11,Suburban 03,Suburban,2025-12-06
12,Suburban 04,Suburban,2025-12-06
13,Suburban 05,Suburban,2025-12-06
14,Suburban 06,Suburban,2025-12-06
15,Regional 01,Regional,2025-12-06
16,Regional 02,Regional,2025-12-06
17,Regional 03,Regional,2025-12-06
18,Regional 04,Regional,2025-12-06
19,Regional 05,Regional,2025-12-06
20,Regional 06,Regional,2025-12-06
21,Regional 07,Regional,2025-12-06
22,Regional 08,Regional,2025-12-06
23,Regional 09,Regional,2025-12-06
24,Regional 10,Regional,2025-12-06
