parcel_id,fee,cod_collected,invoiced_at,paid,updated_at
540790,80.0,464,2026-03-03 22:42:54.391248853,0,2026-03-03 22:42:54.391248853
540791,80.0,2211,2026-03-03 21:41:06.371211964,0,2026-03-03 21:41:06.371211964
540793,60.0,462,2026-03-03 04:17:18.650694290,0,2026-03-03 04:17:18.650694290
540795,80.0,323,2026-03-03 22:16:23.486007369,0,2026-03-03 22:16:23.486007369
540797,60.0,1220,2026-03-03 01:59:21.687526575,0,2026-03-03 01:59:21.687526575
540801,30.0,0,2026-03-03 17:19:00.164997625,0,2026-03-03 17:19:00.164997625
540803,30.0,0,2026-03-04 01:51:34.575330403,0,2026-03-04 01:51:34.575330403
540804,60.0,1077,2026-03-03 16:51:35.801489014,0,2026-03-03 16:51:35.801489014
540807,80.0,2700,2026-03-03 02:08:52.561722527,0,2026-03-03 02:08:52.561722527
540808,60.0,2123,2026-03-03 05:00:15.386390497,0,2026-03-03 05:00:15.386390497
540809,60.0,2983,2026-03-03 07:44:48.481587617,0,2026-03-03 07:44:48.481587617
540811,80.0,1455,2026-03-03 22:54:51.834450627,0,2026-03-03 22:54:51.834450627
540813,60.0,2496,2026-03-03 10:14:46.319332204,0,2026-03-03 10:14:46.319332204
540814,30.0,0,2026-03-03 00:03:28.040730396,0,2026-03-03 00:03:28.040730396
540815,60.0,1800,2026-03-03 03:51:27.372398080,0,2026-03-03 03:51:27.372398080
540821,30.0,0,2026-03-03 05:55:07.445946927,0,2026-03-03 05:55:07.445946927
540822,60.0,455,2026-03-03 17:20:59.902955690,0,2026-03-03 17:20:59.902955690
540824,60.0,1922,2026-03-03 17:20:27.271896286,0,2026-03-03 17:20:27.271896286
540828,30.0,0,2026-03-03 09:10:43.859068785,0,2026-03-03 09:10:43.859068785
540829,60.0,0,2026-03-03 14:52:24.112453819,0,2026-03-03 14:52:24.112453819
540831,30.0,0,2026-03-03 14:31:12.703985920,0,2026-03-03 14:31:12.703985920
540832,60.0,1901,2026-03-03 10:36:12.151266055,0,2026-03-03 10:36:12.151266055
540833,110.0,1792,2026-03-03 14:42:05.309246846,0,2026-03-03 14:42:05.309246846
540834,95.0,711,2026-03-03 09:31:23.165887403,0,2026-03-03 09:31:23.165887403
540838,60.0,702,2026-03-03 00:56:23.278293119,0,2026-03-03 00:56:23.278293119
540840,60.0,2261,2026-03-03 10:18:31.589569964,0,2026-03-03 10:18:31.589569964
540841,60.0,2146,2026-03-03 20:13:35.384867097,0,2026-03-03 20:13:35.384867097
540843,80.0,2988,2026-03-03 14:21:59.260462199,0,2026-03-03 14:21:59.260462199
540846,45.0,0,2026-03-03 13:06:29.898015041,0,2026-03-03 13:06:29.898015041
540848,110.0,1673,2026-03-03 16:14:45.188184501,0,2026-03-03 16:14:45.188184501
540849,80.0,1523,2026-03-03 00:28:53.761509523,0,2026-03-03 00:28:53.761509523
540851,60.0,2235,2026-03-03 12:34:03.312076221,0,2026-03-03 12:34:03.312076221
540854,60.0,1763,2026-03-04 05:23:03.156109935,0,2026-03-04 05:23:03.156109935
540855,60.0,532,2026-03-03 14:33:44.407854913,0,2026-03-03 14:33:44.407854913
540856,60.0,1245,2026-03-03 18:55:19.570049749,0,2026-03-03 18:55:19.570049749
540859,75.0,1691,2026-03-03 05:32:04.977694505,0,2026-03-03 05:32:04.977694505
540862,60.0,2234,2026-03-03 16:14:35.601576447,0,2026-03-03 16:14:35.601576447
540863,60.0,2126,2026-03-03 22:45:47.529721379,0,2026-03-03 22:45:47.529721379
540866,60.0,337,2026-03-03 20:45:14.432941121,0,2026-03-03 20:45:14.432941121
540868,75.0,602,2026-03-04 03:46:57.458065725,0,2026-03-04 03:46:57.458065725
540873,75.0,2220,2026-03-03 21:27:57.691737406,0,2026-03-03 21:27:57.691737406
540876,60.0,1357,2026-03-04 01:34:31.915574123,0,2026-03-04 01:34:31.915574123
540877,110.0,2208,2026-03-03 04:31:51.870212901,0,2026-03-03 04:31:51.870212901
540878,80.0,2041,2026-03-04 05:51:17.414935517,0,2026-03-04 05:51:17.414935517
540880,110.0,900,2026-03-03 21:30:32.527261876,0,2026-03-03 21:30:32.527261876
540881,60.0,891,2026-03-03 18:20:58.744838636,0,2026-03-03 18:20:58.744838636
540882,55.0,0,2026-03-03 23:13:16.074314508,0,2026-03-03 23:13:16.074314508
540884,60.0,1672,2026-03-04 01:20:20.067226739,0,2026-03-04 01:20:20.067226739
540887,60.0,1445,2026-03-03 01:31:37.899315230,0,2026-03-03 01:31:37.899315230
540891,60.0,1672,2026-03-03 15:50:24.157233294,0,2026-03-03 15:50:24.157233294
540893,60.0,434,2026-03-03 06:15:11.326479275,0,2026-03-03 06:15:11.326479275
540895,125.0,958,2026-03-03 21:35:42.229244058,0,2026-03-03 21:35:42.229244058
540896,110.0,1823,2026-03-03 14:02:57.348998233,0,2026-03-03 14:02:57.348998233
540897,110.0,1600,2026-03-04 03:40:49.527664293,0,2026-03-04 03:40:49.527664293
540898,60.0,2794,2026-03-03 04:43:24.525844619,0,2026-03-03 04:43:24.525844619
540899,60.0,2713,2026-03-03 11:21:20.292130086,0,2026-03-03 11:21:20.292130086
540900,30.0,0,2026-03-03 22:29:45.159944963,0,2026-03-03 22:29:45.159944963
540901,60.0,1135,2026-03-04 03:18:17.689759038,0,2026-03-04 03:18:17.689759038
540903,30.0,0,2026-03-03 05:21:59.633193202,0,2026-03-03 05:21:59.633193202
540904,55.0,0,2026-03-04 00:41:11.166180677,0,2026-03-04 00:41:11.166180677
540905,60.0,1599,2026-03-04 03:10:59.555507866,0,2026-03-04 03:10:59.555507866
540906,80.0,1444,2026-03-04 02:55:39.731527269,0,2026-03-04 02:55:39.731527269
540907,75.0,516,2026-03-03 10:44:43.060978631,0,2026-03-03 10:44:43.060978631
540908,60.0,2478,2026-03-03 04:11:01.874328868,0,2026-03-03 04:11:01.874328868
540909,75.0,1256,2026-03-03 16:13:47.785994693,0,2026-03-03 16:13:47.785994693
540911,60.0,2981,2026-03-03 10:52:11.937467543,0,2026-03-03 10:52:11.937467543
540912,60.0,1685,2026-03-03 16:02:29.906374342,0,2026-03-03 16:02:29.906374342
540914,60.0,815,2026-03-04 03:11:40.555524064,0,2026-03-04 03:11:40.555524064
540916,80.0,2704,2026-03-03 03:57:02.829285589,0,2026-03-03 03:57:02.829285589
540917,30.0,0,2026-03-03 15:12:11.318243049,0,2026-03-03 15:12:11.318243049
540919,80.0,2165,2026-03-03 10:44:19.797628814,0,2026-03-03 10:44:19.797628814
540921,75.0,985,2026-03-03 05:48:00.261705071,0,2026-03-03 05:48:00.261705071
540924,75.0,2473,2026-03-03 19:55:02.892799026,0,2026-03-03 19:55:02.892799026
540927,60.0,2833,2026-03-04 04:35:32.072277710,0,2026-03-04 04:35:32.072277710
540930,60.0,1309,2026-03-03 04:32:15.645679472,0,2026-03-03 04:32:15.645679472
540931,60.0,2882,2026-03-03 20:20:11.744240811,0,2026-03-03 20:20:11.744240811
540932,60.0,678,2026-03-03 21:56:12.143478933,0,2026-03-03 21:56:12.143478933
540933,155.0,1670,2026-03-03 22:36:27.675679992,0,2026-03-03 22:36:27.675679992
540935,80.0,2190,2026-03-04 00:32:45.957664407,0,2026-03-04 00:32:45.957664407
540936,60.0,2447,2026-03-04 04:30:59.684256647,0,2026-03-04 04:30:59.684256647
540937,30.0,0,2026-03-03 02:04:33.807348876,0,2026-03-03 02:04:33.807348876
540938,60.0,2152,2026-03-03 23:42:59.300769456,0,2026-03-03 23:42:59.300769456
540939,60.0,2065,2026-03-02 22:22:41.652789948,0,2026-03-02 22:22:41.652789948
540942,30.0,0,2026-03-02 21:54:31.984928478,0,2026-03-02 21:54:31.984928478
540944,60.0,871,2026-03-03 04:53:24.798421470,0,2026-03-03 04:53:24.798421470
540945,30.0,0,2026-03-02 21:59:17.099439036,0,2026-03-02 21:59:17.099439036
540947,60.0,1710,2026-03-03 04:26:07.802507510,0,2026-03-03 04:26:07.802507510
540948,90.0,1528,2026-03-03 09:58:41.872237764,0,2026-03-03 09:58:41.872237764
540951,60.0,1997,2026-03-03 08:01:03.847010330,0,2026-03-03 08:01:03.847010330
540953,30.0,0,2026-03-04 05:03:55.592047170,0,2026-03-04 05:03:55.592047170
540954,60.0,1790,2026-03-03 08:10:07.696437964,0,2026-03-03 08:10:07.696437964
540955,30.0,0,2026-03-03 14:14:29.653790132,0,2026-03-03 14:14:29.653790132
540958,60.0,357,2026-03-03 17:14:45.401449131,0,2026-03-03 17:14:45.401449131
540960,60.0,1999,2026-03-03 18:31:41.426079244,0,2026-03-03 18:31:41.426079244
540961,60.0,403,2026-03-02 23:24:31.680518560,0,2026-03-02 23:24:31.680518560
540964,60.0,1250,2026-03-03 05:50:30.864430599,0,2026-03-03 05:50:30.864430599
540965,60.0,461,2026-03-03 01:50:17.091492785,0,2026-03-03 01:50:17.091492785
540966,110.0,1650,2026-03-03 06:14:38.653877396,0,2026-03-03 06:14:38.653877396
540967,60.0,1594,2026-03-03 23:05:13.452683521,0,2026-03-03 23:05:13.452683521
540968,60.0,918,2026-03-03 19:53:18.256157513,0,2026-03-03 19:53:18.256157513
540969,60.0,1653,2026-03-03 02:34:00.537153235,0,2026-03-03 02:34:00.537153235
540974,60.0,2279,2026-03-03 10:07:49.431677713,0,2026-03-03 10:07:49.431677713
540977,80.0,1335,2026-03-03 03:33:44.820097369,0,2026-03-03 03:33:44.820097369
540979,60.0,1827,2026-03-03 08:35:15.016572591,0,2026-03-03 08:35:15.016572591
540982,30.0,0,2026-03-03 18:57:05.346422467,0,2026-03-03 18:57:05.346422467
540983,60.0,2032,2026-03-04 04:49:13.084966315,0,2026-03-04 04:49:13.084966315
540984,75.0,1333,2026-03-03 19:12:04.182221149,0,2026-03-03 19:12:04.182221149
540986,75.0,655,2026-03-03 12:45:12.984027555,0,2026-03-03 12:45:12.984027555
540987,60.0,1620,2026-03-03 15:25:26.970608797,0,2026-03-03 15:25:26.970608797
540988,95.0,1107,2026-03-04 00:43:55.448008873,0,2026-03-04 00:43:55.448008873
540989,75.0,419,2026-03-03 03:31:01.109136121,0,2026-03-03 03:31:01.109136121
540991,60.0,2856,2026-03-03 01:19:01.140989144,0,2026-03-03 01:19:01.140989144
540994,110.0,745,2026-03-03 17:21:25.260412208,0,2026-03-03 17:21:25.260412208
540996,60.0,419,2026-03-03 20:39:32.204670855,0,2026-03-03 20:39:32.204670855
540998,40.0,0,2026-03-02 19:57:14.304571851,0,2026-03-02 19:57:14.304571851
541001,40.0,0,2026-03-03 14:19:16.576452040,0,2026-03-03 14:19:16.576452040
541004,110.0,1643,2026-03-04 03:34:26.515904876,0,2026-03-04 03:34:26.515904876
541005,60.0,659,2026-03-04 01:04:38.705935481,0,2026-03-04 01:04:38.705935481
541006,80.0,2583,2026-03-02 21:29:18.263879562,0,2026-03-02 21:29:18.263879562
541007,80.0,2767,2026-03-03 07:58:20.420631902,0,2026-03-03 07:58:20.420631902
541009,60.0,1088,2026-03-03 03:48:07.849744033,0,2026-03-03 03:48:07.849744033
541013,110.0,2056,2026-03-03 13:57:35.971113737,0,2026-03-03 13:57:35.971113737
541016,45.0,0,2026-03-03 20:35:30.020736720,0,2026-03-03 20:35:30.020736720
541017,30.0,0,2026-03-03 19:00:27.092217185,0,2026-03-03 19:00:27.092217185
541019,60.0,659,2026-03-03 15:47:18.328252229,0,2026-03-03 15:47:18.328252229
541021,60.0,2848,2026-03-03 15:11:17.838181956,0,2026-03-03 15:11:17.838181956
541022,80.0,1588,2026-03-03 06:26:35.566899835,0,2026-03-03 06:26:35.566899835
541024,60.0,703,2026-03-03 05:32:49.984576003,0,2026-03-03 05:32:49.984576003
541025,30.0,0,2026-03-02 23:06:12.776964253,0,2026-03-02 23:06:12.776964253
541026,60.0,1912,2026-03-03 20:01:15.940322030,0,2026-03-03 20:01:15.940322030
541027,170.0,1611,2026-03-03 09:34:18.818785351,0,2026-03-03 09:34:18.818785351
541029,75.0,806,2026-03-03 13:25:05.907030372,0,2026-03-03 13:25:05.907030372
541031,80.0,991,2026-03-04 04:19:19.383474550,0,2026-03-04 04:19:19.383474550
541032,110.0,2652,2026-03-03 16:31:03.241266261,0,2026-03-03 16:31:03.241266261
541033,60.0,641,2026-03-03 12:18:28.271833829,0,2026-03-03 12:18:28.271833829
541035,30.0,0,2026-03-03 12:14:49.866515240,0,2026-03-03 12:14:49.866515240
541036,38.0,0,2026-03-02 21:30:20.485626072,0,2026-03-02 21:30:20.485626072
541041,80.0,762,2026-03-03 13:37:28.983015627,0,2026-03-03 13:37:28.983015627
541045,80.0,946,2026-03-03 14:52:14.316045534,0,2026-03-03 14:52:14.316045534
541046,60.0,1207,2026-03-03 15:26:42.649700103,0,2026-03-03 15:26:42.649700103
541047,75.0,2386,2026-03-03 17:23:22.835317363,0,2026-03-03 17:23:22.835317363
541048,110.0,1536,2026-03-03 21:13:04.954031903,0,2026-03-03 21:13:04.954031903
541049,60.0,1194,2026-03-04 00:47:37.775587402,0,2026-03-04 00:47:37.775587402
541050,60.0,509,2026-03-04 00:59:41.456364687,0,2026-03-04 00:59:41.456364687
541053,60.0,1928,2026-03-03 10:14:14.532366494,0,2026-03-03 10:14:14.532366494
541056,30.0,0,2026-03-03 13:39:17.006828684,0,2026-03-03 13:39:17.006828684
541061,60.0,2928,2026-03-03 19:23:43.482824580,0,2026-03-03 19:23:43.482824580
541062,110.0,1574,2026-03-03 12:12:04.229856781,0,2026-03-03 12:12:04.229856781
541063,80.0,874,2026-03-03 21:18:15.147891974,0,2026-03-03 21:18:15.147891974
541064,60.0,2987,2026-03-03 17:06:13.039145453,0,2026-03-03 17:06:13.039145453
541066,110.0,2997,2026-03-03 14:09:02.627269418,0,2026-03-03 14:09:02.627269418
541068,60.0,1036,2026-03-03 23:33:25.231468452,0,2026-03-03 23:33:25.231468452
541071,60.0,2838,2026-03-03 22:31:14.708565989,0,2026-03-03 22:31:14.708565989
541072,135.0,752,2026-03-03 08:09:05.805166840,0,2026-03-03 08:09:05.805166840
541073,48.0,0,2026-03-03 13:19:00.675535533,0,2026-03-03 13:19:00.675535533
541075,60.0,2578,2026-03-03 16:07:39.701362027,0,2026-03-03 16:07:39.701362027
541077,60.0,1901,2026-03-02 23:41:44.606482209,0,2026-03-02 23:41:44.606482209
541078,30.0,0,2026-03-03 07:40:27.981165390,0,2026-03-03 07:40:27.981165390
541080,60.0,2590,2026-03-03 11:52:29.568211510,0,2026-03-03 11:52:29.568211510
541081,80.0,1211,2026-03-03 19:55:36.458613295,0,2026-03-03 19:55:36.458613295
541084,60.0,1789,2026-03-03 06:41:56.053964747,0,2026-03-03 06:41:56.053964747
541086,55.0,0,2026-03-03 06:57:34.912539262,0,2026-03-03 06:57:34.912539262
541088,60.0,1479,2026-03-03 09:02:10.562590606,0,2026-03-03 09:02:10.562590606
541089,80.0,861,2026-03-03 19:29:08.052291658,0,2026-03-03 19:29:08.052291658
541092,60.0,2722,2026-03-04 05:46:37.424991449,0,2026-03-04 05:46:37.424991449
541094,60.0,2190,2026-03-04 00:48:34.107871201,0,2026-03-04 00:48:34.107871201
541096,60.0,1460,2026-03-03 11:52:29.013007448,0,2026-03-03 11:52:29.013007448
541097,80.0,901,2026-03-03 21:04:06.211265415,0,2026-03-03 21:04:06.211265415
541098,60.0,2164,2026-03-03 15:41:42.685465638,0,2026-03-03 15:41:42.685465638
541099,60.0,850,2026-03-03 10:29:44.100326400,0,2026-03-03 10:29:44.100326400
541101,60.0,1137,2026-03-03 14:37:07.074091146,0,2026-03-03 14:37:07.074091146
541103,40.0,0,2026-03-02 18:33:17.850672377,0,2026-03-02 18:33:17.850672377
541105,60.0,2260,2026-03-04 00:25:29.892131864,0,2026-03-04 00:25:29.892131864
541107,60.0,873,2026-03-03 17:34:20.787341064,0,2026-03-03 17:34:20.787341064
541109,110.0,1358,2026-03-04 03:57:11.563885921,0,2026-03-04 03:57:11.563885921
541110,60.0,2641,2026-03-03 16:42:01.997155886,0,2026-03-03 16:42:01.997155886
541115,60.0,2430,2026-03-03 13:36:40.989011456,0,2026-03-03 13:36:40.989011456
541121,80.0,1547,2026-03-04 02:45:01.637909330,0,2026-03-04 02:45:01.637909330
541122,80.0,2145,2026-03-03 09:35:52.640486355,0,2026-03-03 09:35:52.640486355
541123,75.0,1229,2026-03-02 22:52:51.895015297,0,2026-03-02 22:52:51.895015297
541125,80.0,1267,2026-03-03 18:09:52.318967079,0,2026-03-03 18:09:52.318967079
541127,80.0,2190,2026-03-03 10:04:36.190440679,0,2026-03-03 10:04:36.190440679
541128,60.0,2311,2026-03-02 21:42:43.423131487,0,2026-03-02 21:42:43.423131487
541129,60.0,2598,2026-03-03 11:38:50.129493617,0,2026-03-03 11:38:50.129493617
541130,110.0,1026,2026-03-03 05:59:03.181859040,0,2026-03-03 05:59:03.181859040
541132,60.0,1696,2026-03-03 20:31:59.501246447,0,2026-03-03 20:31:59.501246447
541133,60.0,1057,2026-03-03 22:41:33.889267838,0,2026-03-03 22:41:33.889267838
541135,75.0,568,2026-03-03 07:47:32.082966420,0,2026-03-03 07:47:32.082966420
541137,60.0,2594,2026-03-03 21:49:26.747559700,0,2026-03-03 21:49:26.747559700
541138,80.0,1096,2026-03-04 04:54:31.022332075,0,2026-03-04 04:54:31.022332075
541144,60.0,759,2026-03-03 21:30:06.827912504,0,2026-03-03 21:30:06.827912504
541146,110.0,2449,2026-03-04 04:48:38.827355301,0,2026-03-04 04:48:38.827355301
541158,60.0,461,2026-03-04 05:10:23.692978862,0,2026-03-04 05:10:23.692978862
541169,60.0,1618,2026-03-04 02:40:30.243827730,0,2026-03-04 02:40:30.243827730
541178,80.0,2799,2026-03-04 04:09:56.679632069,0,2026-03-04 04:09:56.679632069
541186,30.0,0,2026-03-04 04:27:07.242215105,0,2026-03-04 04:27:07.242215105
541192,80.0,1438,2026-03-04 05:10:10.816407111,0,2026-03-04 05:10:10.816407111
541207,60.0,312,2026-03-04 02:23:41.948173932,0,2026-03-04 02:23:41.948173932
541225,60.0,2347,2026-03-03 20:46:16.775771185,0,2026-03-03 20:46:16.775771185
541228,40.0,0,2026-03-04 04:55:35.630170133,0,2026-03-04 04:55:35.630170133
541235,60.0,1604,2026-03-04 03:26:07.810572774,0,2026-03-04 03:26:07.810572774
541238,60.0,2187,2026-03-04 01:42:55.806421707,0,2026-03-04 01:42:55.806421707
541242,75.0,1175,2026-03-03 21:16:48.493624556,0,2026-03-03 21:16:48.493624556
541244,110.0,2526,2026-03-04 00:27:27.893250630,0,2026-03-04 00:27:27.893250630
541245,60.0,581,2026-03-03 23:51:01.217760331,0,2026-03-03 23:51:01.217760331
541247,60.0,449,2026-03-04 05:00:23.395946855,0,2026-03-04 05:00:23.395946855
541250,60.0,1204,2026-03-04 02:59:03.739955061,0,2026-03-04 02:59:03.739955061
541258,60.0,2618,2026-03-03 19:54:57.955444633,0,2026-03-03 19:54:57.955444633
541261,80.0,1739,2026-03-04 03:43:06.563852421,0,2026-03-04 03:43:06.563852421
541267,60.0,991,2026-03-04 05:45:02.592511393,0,2026-03-04 05:45:02.592511393
541269,60.0,486,2026-03-03 23:45:28.107029421,0,2026-03-03 23:45:28.107029421
541276,75.0,734,2026-03-04 02:59:05.492584635,0,2026-03-04 02:59:05.492584635
541277,30.0,0,2026-03-04 05:19:32.186254183,0,2026-03-04 05:19:32.186254183
541279,60.0,1618,2026-03-04 01:03:39.574041199,0,2026-03-04 01:03:39.574041199
541283,75.0,931,2026-03-04 00:07:08.927778651,0,2026-03-04 00:07:08.927778651
541286,110.0,305,2026-03-04 02:15:54.693539304,0,2026-03-04 02:15:54.693539304
541292,110.0,1468,2026-03-04 01:02:25.573471987,0,2026-03-04 01:02:25.573471987
541316,60.0,1837,2026-03-04 00:55:35.153271247,0,2026-03-04 00:55:35.153271247
541341,90.0,876,2026-03-03 21:56:54.399760554,0,2026-03-03 21:56:54.399760554
541353,60.0,2087,2026-03-03 18:25:00.313383127,0,2026-03-03 18:25:00.313383127
541375,30.0,0,2026-03-04 02:57:55.703766935,0,2026-03-04 02:57:55.703766935
541401,40.0,0,2026-03-03 22:39:49.822214668,0,2026-03-03 22:39:49.822214668
541403,60.0,1113,2026-03-04 05:55:02.362324774,0,2026-03-04 05:55:02.362324774
541410,60.0,2146,2026-03-04 03:47:42.190672066,0,2026-03-04 03:47:42.190672066
541412,60.0,2523,2026-03-04 04:20:30.617879507,0,2026-03-04 04:20:30.617879507
541436,60.0,994,2026-03-04 02:22:58.696387094,0,2026-03-04 02:22:58.696387094
541466,60.0,1567,2026-03-04 05:30:09.270611594,0,2026-03-04 05:30:09.270611594
541471,30.0,0,2026-03-04 00:38:55.199897443,0,2026-03-04 00:38:55.199897443
541478,80.0,2187,2026-03-04 00:02:55.774380835,0,2026-03-04 00:02:55.774380835
541486,75.0,328,2026-03-04 01:11:11.809138348,0,2026-03-04 01:11:11.809138348
541492,60.0,1519,2026-03-04 02:09:53.380877155,0,2026-03-04 02:09:53.380877155
541500,75.0,2699,2026-03-04 04:26:01.726509924,0,2026-03-04 04:26:01.726509924
541501,60.0,2041,2026-03-03 22:36:36.271017306,0,2026-03-03 22:36:36.271017306
541503,60.0,2335,2026-03-04 05:38:48.580059382,0,2026-03-04 05:38:48.580059382
541507,75.0,2879,2026-03-04 04:06:53.989240474,0,2026-03-04 04:06:53.989240474
541511,60.0,544,2026-03-04 03:23:08.685452750,0,2026-03-04 03:23:08.685452750
541516,60.0,2471,2026-03-04 05:43:43.616219161,0,2026-03-04 05:43:43.616219161
541532,30.0,0,2026-03-03 23:54:02.575553647,0,2026-03-03 23:54:02.575553647
541538,90.0,1485,2026-03-04 01:10:01.543291562,0,2026-03-04 01:10:01.543291562
541539,60.0,2573,2026-03-04 05:00:54.729204053,0,2026-03-04 05:00:54.729204053
541552,60.0,2517,2026-03-03 19:56:24.049970762,0,2026-03-03 19:56:24.049970762
541553,95.0,1916,2026-03-04 05:38:53.577575015,0,2026-03-04 05:38:53.577575015
541557,60.0,344,2026-03-04 03:33:45.501448320,0,2026-03-04 03:33:45.501448320
541563,30.0,0,2026-03-04 02:29:42.403602187,0,2026-03-04 02:29:42.403602187
541573,60.0,1266,2026-03-03 22:20:54.602410552,0,2026-03-03 22:20:54.602410552
541580,60.0,700,2026-03-03 20:29:57.754267382,0,2026-03-03 20:29:57.754267382
541585,30.0,0,2026-03-04 00:11:41.828548464,0,2026-03-04 00:11:41.828548464
541590,60.0,540,2026-03-03 21:15:59.973415513,0,2026-03-03 21:15:59.973415513
541599,80.0,419,2026-03-03 23:10:33.651526515,0,2026-03-03 23:10:33.651526515
541601,75.0,1521,2026-03-04 00:02:33.676573680,0,2026-03-04 00:02:33.676573680
541616,80.0,306,2026-03-04 00:33:21.317578154,0,2026-03-04 00:33:21.317578154
541621,60.0,2843,2026-03-04 04:03:49.529562713,0,2026-03-04 04:03:49.529562713
541631,55.0,0,2026-03-04 03:43:15.776010145,0,2026-03-04 03:43:15.776010145
541634,60.0,1122,2026-03-03 17:54:37.832068418,0,2026-03-03 17:54:37.832068418
541650,60.0,808,2026-03-03 17:47:50.024581351,0,2026-03-03 17:47:50.024581351
541654,75.0,555,2026-03-03 21:34:12.560013711,0,2026-03-03 21:34:12.560013711
541662,110.0,2533,2026-03-04 02:57:37.619457071,0,2026-03-04 02:57:37.619457071
541670,60.0,1001,2026-03-04 05:36:30.890593245,0,2026-03-04 05:36:30.890593245
541672,80.0,2019,2026-03-04 01:28:15.521193303,0,2026-03-04 01:28:15.521193303
541685,80.0,2146,2026-03-04 00:14:00.097803399,0,2026-03-04 00:14:00.097803399
541687,110.0,2192,2026-03-03 23:21:29.062998258,0,2026-03-03 23:21:29.062998258
541697,75.0,2300,2026-03-04 05:32:53.768649008,0,2026-03-04 05:32:53.768649008
541699,60.0,2634,2026-03-04 01:58:46.846988957,0,2026-03-04 01:58:46.846988957
541703,75.0,1740,2026-03-04 04:57:32.973120275,0,2026-03-04 04:57:32.973120275
541708,60.0,1262,2026-03-04 02:16:53.215289961,0,2026-03-04 02:16:53.215289961
541709,60.0,1953,2026-03-03 21:26:25.451515842,0,2026-03-03 21:26:25.451515842
541710,60.0,444,2026-03-04 03:07:34.354536062,0,2026-03-04 03:07:34.354536062
541718,110.0,2824,2026-03-04 04:57:14.645185206,0,2026-03-04 04:57:14.645185206
541719,60.0,2243,2026-03-04 01:33:35.216493021,0,2026-03-04 01:33:35.216493021
541723,40.0,0,2026-03-04 00:17:55.950992000,0,2026-03-04 00:17:55.950992000
541756,80.0,533,2026-03-04 04:52:57.308242586,0,2026-03-04 04:52:57.308242586
541778,60.0,2915,2026-03-04 00:26:21.814090805,0,2026-03-04 00:26:21.814090805
541783,75.0,588,2026-03-04 04:11:34.746501802,0,2026-03-04 04:11:34.746501802
541784,80.0,2113,2026-03-04 00:28:56.757843831,0,2026-03-04 00:28:56.757843831
541809,75.0,2626,2026-03-03 20:43:21.038443464,0,2026-03-03 20:43:21.038443464
541815,60.0,2696,2026-03-03 23:05:39.241294607,0,2026-03-03 23:05:39.241294607
541816,38.0,0,2026-03-04 02:02:34.621894074,0,2026-03-04 02:02:34.621894074
541823,60.0,2996,2026-03-04 05:44:02.749387253,0,2026-03-04 05:44:02.749387253
541825,60.0,2701,2026-03-04 02:18:43.914001409,0,2026-03-04 02:18:43.914001409
541827,60.0,2150,2026-03-04 01:50:21.664757788,0,2026-03-04 01:50:21.664757788
541833,75.0,1948,2026-03-04 00:58:03.784399576,0,2026-03-04 00:58:03.784399576
541837,30.0,0,2026-03-04 00:46:49.095807370,0,2026-03-04 00:46:49.095807370
541856,30.0,0,2026-03-03 22:41:36.600145173,0,2026-03-03 22:41:36.600145173
541858,60.0,1418,2026-03-04 02:50:33.834597181,0,2026-03-04 02:50:33.834597181
541876,60.0,2278,2026-03-04 05:09:38.513872015,0,2026-03-04 05:09:38.513872015
541879,60.0,2952,2026-03-04 02:11:12.848076736,0,2026-03-04 02:11:12.848076736
541881,110.0,830,2026-03-04 01:22:11.167717414,0,2026-03-04 01:22:11.167717414
541885,30.0,0,2026-03-03 18:58:04.089918403,0,2026-03-03 18:58:04.089918403
541902,80.0,1498,2026-03-03 19:50:20.686805908,0,2026-03-03 19:50:20.686805908
541904,60.0,1034,2026-03-04 00:54:36.306868528,0,2026-03-04 00:54:36.306868528
541911,80.0,632,2026-03-04 01:34:03.047115017,0,2026-03-04 01:34:03.047115017
541913,75.0,1968,2026-03-04 04:48:42.414860953,0,2026-03-04 04:48:42.414860953
541918,60.0,678,2026-03-04 03:28:38.212210326,0,2026-03-04 03:28:38.212210326
541921,30.0,0,2026-03-04 05:40:19.970004835,0,2026-03-04 05:40:19.970004835
541928,75.0,1720,2026-03-04 03:21:57.638350087,0,2026-03-04 03:21:57.638350087
541929,80.0,1621,2026-03-04 03:10:01.040685385,0,2026-03-04 03:10:01.040685385
541959,60.0,2162,2026-03-04 05:42:58.909695587,0,2026-03-04 05:42:58.909695587
541960,80.0,2771,2026-03-04 00:57:34.932660363,0,2026-03-04 00:57:34.932660363
541962,80.0,1267,2026-03-03 23:22:09.736483512,0,2026-03-03 23:22:09.736483512
541968,30.0,0,2026-03-04 02:20:42.020235952,0,2026-03-04 02:20:42.020235952
