merchant_id,merchant_name,segment,account_manager,signup_date,updated_at
1007,Silver Works 7,Home,,2025-12-06,2025-12-06
1008,Coral Supply 8,Electronics,AM-02,2025-12-06,2025-12-06
1009,Silver Basket 9,Fashion,,2025-12-06,2025-12-06
1010,Copper Gallery 10,Books,AM-02,2025-12-06,2025-12-06
1011,Lotus Lantern 11,Electronics,AM-08,2025-12-06,2025-12-06
1012,Lotus Loft 12,Fashion,,2026-02-23,2026-02-23
1013,Granite Works 13,Home,AM-01,2025-12-06,2025-12-06
1014,Juniper Lantern 14,Beauty,AM-04,2025-12-06,2025-12-06
1015,Silver Market 15,Home,,2025-12-06,2025-12-06
1016,Lotus Lantern 16,Books,AM-07,2025-12-06,2025-12-06
1017,River Corner 17,Fashion,AM-06,2025-12-06,2025-12-06
1018,Maple Shelf 18,Home,AM-05,2025-12-06,2025-12-06
1019,Pebble Thread 19,Beauty,,2025-12-06,2025-12-06
1020,Amber Shelf 20,Home,AM-03,2025-12-06,2025-12-06
1021,Ivory Lantern 21,Beauty,AM-03,2025-12-06,2025-12-06
1022,Maple Loft 22,Beauty,,2025-12-06,2025-12-06
1023,Ivory Basket 23,Grocery,,2025-12-06,2025-12-06
1024,Indigo Works 24,Fashion,AM-07,2025-12-06,2025-12-06
1025,Sunrise Wardrobe 25,Electronics,AM-07,2026-02-10,2026-02-10
1026,Blue Basket 26,Home,AM-03,2025-12-06,2025-12-06
1027,Maple Cart 27,Beauty,AM-03,2025-12-06,2025-12-06
1028,Granite Trunk 28,Home,AM-03,2025-12-06,2025-12-06
1029,Ivory Shelf 29,Books,AM-04,2025-12-06,2025-12-06
1030,Indigo Pantry 30,Grocery,,2026-02-07,2026-02-07
1031,Granite Cart 31,Beauty,AM-06,2025-12-06,2025-12-06
1032,Lotus Studio 32,Grocery,AM-07,2025-12-06,2025-12-06
1033,Maple Pantry 33,Books,AM-05,2025-12-06,2025-12-06
1034,Amber Market 34,Fashion,AM-02,2026-01-27,2026-01-27
1035,River Thread 35,Electronics,,2025-12-06,2025-12-06
1036,Sunrise Studio 36,Books,AM-08,2025-12-06,2025-12-06
1037,Copper Wardrobe 37,Books,AM-05,2025-12-06,2025-12-06
1038,Silver Corner 38,Home,AM-04,2025-12-06,2025-12-06
1039,Willow Gallery 39,Books,,2025-12-06,2025-12-06
1040,Sunrise Works 40,Grocery,,2025-12-06,2025-12-06
1041,Maple Studio 41,Grocery,AM-02,2025-12-06,2025-12-06
1042,Sunrise Basket 42,Books,AM-03,2026-02-27,2026-02-27
1043,Indigo Thread 43,Electronics,AM-01,2025-12-06,2025-12-06
1044,Lotus Basket 44,Beauty,,2025-12-06,2025-12-06
1045,Ivory Cart 45,Books,AM-01,2026-02-11,2026-02-11
1046,Harbor Shelf 46,Electronics,AM-08,2025-12-06,2025-12-06
1047,Copper Loft 47,Beauty,AM-06,2025-12-06,2025-12-06
1048,Juniper Shelf 48,Beauty,AM-06,2025-12-06,2025-12-06
1049,Silver Trunk 49,Grocery,AM-06,2025-12-06,2025-12-06
1050,Coral Loft 50,Books,AM-01,2025-12-06,2025-12-06
1051,Silver Market 51,Grocery,AM-04,2025-12-06,2025-12-06
1052,Maple Pantry 52,Books,AM-04,2025-12-06,2025-12-06
1053,Blue Pantry 53,Electronics,AM-04,2026-02-05,2026-02-05
1054,Sunrise Thread 54,Books,AM-06,2025-12-06,2025-12-06
1055,Ivory Works 55,Books,AM-02,2025-12-06,2025-12-06
1056,Amber Works 56,Grocery,AM-04,2026-01-09,2026-01-09
1057,Ivory Market 57,Fashion,AM-08,2025-12-06,2025-12-06
1058,Willow Pantry 58,Books,AM-06,2025-12-06,2025-12-06
1059,Amber Works 59,Electronics,AM-04,2025-12-06,2025-12-06
1060,Ivory Market 60,Beauty,AM-03,2025-12-06,2025-12-06
1061,Lotus Wardrobe 61,Beauty,AM-05,2025-12-06,2025-12-06
1062,Sunrise Lantern 62,Fashion,AM-08,2025-12-06,2025-12-06
1063,Indigo Gallery 63,Grocery,AM-02,2025-12-06,2025-12-06
1064,Cedar Pantry 64,Home,AM-08,2025-12-06,2025-12-06
1065,Copper Works 65,Books,AM-01,2026-02-24,2026-02-24
1066,Juniper Studio 66,Home,AM-04,2025-12-06,2025-12-06
1067,Pebble Pantry 67,Electronics,AM-05,2026-02-21,2026-02-21
1068,Granite Gallery 68,Electronics,,2025-12-06,2025-12-06
1069,Willow Corner 69,Fashion,AM-04,2025-12-06,2025-12-06
1070,Amber Trunk 70,Home,AM-08,2025-12-06,2025-12-06
1071,Blue Trunk 71,Fashion,,2025-12-06,2025-12-06
1072,River Shelf 72,Beauty,AM-08,2025-12-06,2025-12-06
1073,Willow Gallery 73,Beauty,AM-01,2025-12-06,2025-12-06
1074,Harbor Works 74,Fashion,AM-05,2025-12-06,2025-12-06
1075,Ivory Loft 75,Electronics,AM-03,2025-12-06,2025-12-06
1076,Olive Pantry 76,Electronics,AM-05,2026-02-01,2026-02-01
1077,Harbor Studio 77,Fashion,AM-05,2025-12-06,2025-12-06
1078,Willow Wardrobe 78,Beauty,AM-04,2025-12-06,2025-12-06
1079,Amber Corner 79,Fashion,,2025-12-06,2025-12-06
1080,Silver Trunk 80,Grocery,AM-04,2025-12-06,2025-12-06
1081,Sunrise Supply 81,Fashion,AM-03,2025-12-06,2025-12-06
1083,Indigo Lantern 83,Beauty,AM-06,2025-12-06,2025-12-06
1084,Lotus Supply 84,Grocery,AM-05,2025-12-06,2025-12-06
1085,Amber Corner 85,Books,AM-04,2025-12-06,2025-12-06
1086,Granite Supply 86,Grocery,AM-05,2026-01-27,2026-01-27
1087,Meadow Basket 87,Beauty,AM-07,2025-12-06,2025-12-06
1088,Amber Trunk 88,Books,AM-04,2026-01-20,2026-01-20
1089,Lotus Pantry 89,Grocery,AM-01,2025-12-06,2025-12-06
1090,Harbor Gallery 90,Books,AM-06,2025-12-06,2025-12-06
1091,Harbor Shelf 91,Grocery,AM-06,2026-02-24,2026-02-24
1092,Juniper Wardrobe 92,Grocery,AM-06,2025-12-06,2025-12-06
1093,Pebble Thread 93,Books,AM-06,2025-12-06,2025-12-06
1095,Amber Basket 95,Grocery,AM-01,2025-12-06,2025-12-06
1096,Willow Shelf 96,Fashion,,2025-12-06,2025-12-06
1097,River Loft 97,Home,,2026-01-31,2026-01-31
1098,Sunrise Loft 1,Fashion,AM-03,2026-01-11,2026-01-11
1099,Sunrise Shelf 2,Home,,2025-12-06,2025-12-06
1100,River Cart 3,Electronics,,2025-12-06,2025-12-06
1101,Coral Thread 4,Beauty,AM-07,2026-02-25,2026-02-25
1102,Willow Supply 5,Beauty,AM-06,2025-12-06,2025-12-06
1103,Blue Pantry 6,Beauty,AM-01,2025-12-06,2025-12-06
1104,Willow Wardrobe 7,Beauty,AM-01,2025-12-06,2025-12-06
1105,Ivory Supply 8,Books,AM-07,2025-12-06,2025-12-06
1106,Meadow Studio 9,Beauty,AM-08,2025-12-06,2025-12-06
1107,Copper Loft 10,Electronics,AM-08,2025-12-06,2025-12-06
1108,Willow Studio 11,Books,AM-08,2026-02-09,2026-02-09
1109,Granite Shelf 12,Electronics,AM-03,2025-12-06,2025-12-06
1110,Amber Thread 13,Grocery,AM-08,2026-03-04,2026-03-04
1111,Blue Basket 14,Grocery,AM-02,2025-12-06,2025-12-06
1112,Lotus Wardrobe 15,Electronics,AM-03,2025-12-06,2025-12-06
1113,Willow Basket 16,Electronics,AM-07,2025-12-06,2025-12-06
1114,Maple Wardrobe 17,Grocery,,2026-01-07,2026-01-07
1115,Sunrise Cart 18,Fashion,AM-03,2025-12-06,2025-12-06
1116,Amber Market 19,Beauty,,2025-12-06,2025-12-06
1117,Silver Shelf 20,Fashion,AM-05,2025-12-06,2025-12-06
1118,Granite Corner 21,Grocery,AM-04,2025-12-06,2025-12-06
1119,Meadow Basket 22,Electronics,AM-07,2025-12-06,2025-12-06
1121,River Works 24,Grocery,AM-05,2025-12-06,2025-12-06
1122,Meadow Corner 25,Books,,2025-12-06,2025-12-06
1123,Lotus Trunk 26,Grocery,,2025-12-06,2025-12-06
1124,Willow Trunk 27,Home,AM-06,2025-12-06,2025-12-06
1125,Amber Shelf 28,Fashion,AM-02,2025-12-06,2025-12-06
1126,Lotus Thread 29,Home,AM-04,2026-01-17,2026-01-17
1127,Blue Gallery 30,Home,AM-08,2025-12-06,2025-12-06
1128,Pebble Lantern 31,Beauty,AM-03,2025-12-06,2025-12-06
1129,Amber Shelf 32,Grocery,AM-07,2025-12-06,2025-12-06
1130,Lotus Works 33,Beauty,AM-05,2025-12-06,2025-12-06
1131,Pebble Corner 34,Electronics,AM-02,2025-12-06,2025-12-06
1132,Saffron Shelf 35,Beauty,AM-06,2025-12-06,2025-12-06
1133,Meadow Basket 36,Books,AM-01,2025-12-06,2025-12-06
1134,Ivory Loft 37,Books,AM-08,2025-12-06,2025-12-06
1135,River Supply 38,Books,AM-03,2025-12-06,2025-12-06
1136,Indigo Works 39,Beauty,AM-08,2025-12-06,2025-12-06
1137,Maple Wardrobe 40,Books,AM-02,2026-02-24,2026-02-24
1138,Silver Loft 41,Books,,2025-12-06,2025-12-06
1139,Lotus Basket 42,Grocery,AM-07,2026-01-15,2026-01-15
1140,Maple Pantry 43,Beauty,AM-06,2025-12-06,2025-12-06
1141,Meadow Basket 44,Electronics,,2025-12-06,2025-12-06
1142,Sunrise Thread 45,Home,AM-08,2025-12-06,2025-12-06
1143,Lotus Thread 46,Books,,2025-12-06,2025-12-06
1144,Blue Thread 47,Books,AM-03,2025-12-06,2025-12-06
1145,Cedar Lantern 48,Beauty,AM-03,2025-12-06,2025-12-06
1146,Blue Corner 49,Home,AM-06,2025-12-06,2025-12-06
1147,River Studio 50,Fashion,AM-06,2025-12-06,2025-12-06
1148,Amber Gallery 51,Electronics,AM-05,2025-12-06,2025-12-06
1149,Amber Trunk 52,Electronics,,2025-12-06,2025-12-06
1151,Coral Basket 54,Beauty,AM-07,2026-02-27,2026-02-27
1152,Indigo Trunk 55,Electronics,AM-07,2025-12-06,2025-12-06
1153,Amber Works 56,Fashion,AM-07,2025-12-06,2025-12-06
1154,River Corner 57,Books,AM-04,2025-12-06,2025-12-06
1155,Maple Corner 58,Fashion,AM-03,2025-12-06,2025-12-06
1156,Indigo Works 59,Fashion,,2025-12-06,2025-12-06
1157,Ivory Basket 60,Grocery,AM-01,2025-12-06,2025-12-06
1158,Sunrise Loft 61,Home,AM-02,2025-12-06,2025-12-06
1159,Olive Supply 62,Home,AM-08,2025-12-06,2025-12-06
1160,Ivory Market 63,Electronics,,2026-02-03,2026-02-03
1161,Cedar Shelf 64,Fashion,AM-06,2025-12-06,2025-12-06
1162,Amber Basket 65,Fashion,AM-05,2025-12-06,2025-12-06
1163,Granite Thread 66,Books,AM-08,2025-12-06,2025-12-06
1165,Juniper Corner 68,Grocery,AM-05,2026-01-13,2026-01-13
1166,Pebble Lantern 69,Grocery,AM-03,2025-12-06,2025-12-06
1167,Amber Supply 70,Books,AM-04,2025-12-06,2025-12-06
1168,Pebble Studio 71,Electronics,,2025-12-06,2025-12-06
1169,Olive Supply 72,Fashion,AM-06,2025-12-06,2025-12-06
1170,Amber Cart 73,Beauty,,2025-12-06,2025-12-06
1171,Pebble Trunk 74,Fashion,AM-05,2026-02-14,2026-02-14
1172,Sunrise Gallery 75,Beauty,AM-02,2026-01-21,2026-01-21
1173,Indigo Works 76,Fashion,,2025-12-06,2025-12-06
1174,Olive Lantern 77,Beauty,AM-03,2025-12-06,2025-12-06
1175,Lotus Pantry 78,Electronics,AM-01,2025-12-06,2025-12-06
1176,Harbor Studio 79,Grocery,AM-02,2025-12-06,2025-12-06
1177,Amber Loft 80,Home,,2026-01-28,2026-01-28
1178,Lotus Market 81,Home,,2025-12-06,2025-12-06
1179,Indigo Loft 82,Home,AM-08,2025-12-06,2025-12-06
1180,Coral Thread 83,Electronics,AM-08,2025-12-06,2025-12-06
1181,Juniper Pantry 84,Books,AM-04,2025-12-06,2025-12-06
1182,Juniper Studio 85,Beauty,AM-05,2026-02-12,2026-02-12
1183,Blue Studio 86,Electronics,AM-08,2025-12-06,2025-12-06
1184,Indigo Trunk 87,Fashion,,2025-12-06,2025-12-06
1185,Olive Wardrobe 88,Books,AM-08,2025-12-06,2025-12-06
1186,Saffron Supply 89,Electronics,AM-03,2025-12-06,2025-12-06
1187,Blue Trunk 90,Beauty,,2025-12-06,2025-12-06
1188,Juniper Pantry 91,Fashion,AM-03,2025-12-06,2025-12-06
1189,Willow Wardrobe 92,Beauty,,2025-12-06,2025-12-06
1190,Pebble Shelf 93,Books,AM-07,2025-12-06,2025-12-06
1191,Blue Supply 94,Home,,2025-12-06,2025-12-06
1192,Harbor Gallery 95,Electronics,,2025-12-06,2025-12-06
1194,Ivory Cart 97,Grocery,AM-04,2025-12-06,2025-12-06
1195,Granite Gallery 1,Electronics,AM-05,2025-12-06,2025-12-06
1197,Silver Cart 3,Beauty,AM-08,2025-12-06,2025-12-06
1198,Ivory Gallery 4,Home,AM-03,2026-02-10,2026-02-10
1199,Juniper Gallery 5,Beauty,AM-07,2025-12-06,2025-12-06
1200,Saffron Wardrobe 6,Electronics,AM-02,2025-12-06,2025-12-06
1201,Juniper Thread 7,Home,AM-04,2025-12-06,2025-12-06
1202,Willow Trunk 8,Electronics,AM-07,2025-12-06,2025-12-06
1203,Juniper Cart 9,Beauty,AM-05,2025-12-06,2025-12-06
1204,Willow Thread 10,Beauty,AM-04,2026-02-02,2026-02-02
1205,Maple Wardrobe 11,Books,AM-08,2025-12-06,2025-12-06
1206,Pebble Shelf 12,Beauty,AM-03,2025-12-06,2025-12-06
1207,Harbor Loft 13,Home,AM-01,2025-12-06,2025-12-06
1208,Coral Wardrobe 14,Beauty,,2025-12-06,2025-12-06
1209,Blue Corner 15,Books,AM-04,2025-12-06,2025-12-06
1210,Blue Shelf 16,Grocery,AM-07,2026-01-31,2026-01-31
1211,Harbor Pantry 17,Grocery,AM-08,2026-01-07,2026-01-07
1212,Willow Loft 18,Beauty,AM-04,2025-12-06,2025-12-06
1213,Amber Market 19,Beauty,,2025-12-06,2025-12-06
1214,Blue Corner 20,Fashion,,2025-12-06,2025-12-06
1215,Copper Studio 21,Beauty,AM-08,2025-12-06,2025-12-06
1216,Coral Studio 22,Electronics,,2025-12-06,2025-12-06
1217,Amber Lantern 23,Grocery,,2025-12-06,2025-12-06
1218,Pebble Shelf 24,Electronics,AM-06,2025-12-06,2025-12-06
1219,River Thread 25,Home,AM-05,2025-12-06,2025-12-06
1220,Meadow Wardrobe 26,Electronics,,2025-12-06,2025-12-06
1221,Ivory Studio 27,Grocery,AM-03,2026-02-04,2026-02-04
1222,Meadow Trunk 28,Beauty,AM-05,2025-12-06,2025-12-06
1223,Maple Market 29,Fashion,AM-07,2025-12-06,2025-12-06
1224,Silver Trunk 30,Fashion,,2025-12-06,2025-12-06
1225,Sunrise Corner 31,Books,AM-01,2025-12-06,2025-12-06
1226,Maple Cart 32,Home,AM-08,2026-01-15,2026-01-15
1229,Saffron Studio 35,Books,,2025-12-06,2025-12-06
1231,Willow Wardrobe 37,Grocery,AM-02,2025-12-06,2025-12-06
1232,Coral Lantern 38,Grocery,AM-01,2025-12-06,2025-12-06
1233,Cedar Works 39,Books,AM-06,2025-12-06,2025-12-06
1234,Silver Lantern 40,Electronics,AM-02,2026-02-13,2026-02-13
1235,Amber Works 41,Beauty,,2025-12-06,2025-12-06
1236,Harbor Trunk 42,Home,AM-03,2025-12-06,2025-12-06
1237,Lotus Pantry 43,Home,,2025-12-06,2025-12-06
1238,Maple Basket 44,Books,AM-07,2025-12-06,2025-12-06
1239,Maple Cart 45,Fashion,,2025-12-06,2025-12-06
1240,Sunrise Lantern 46,Books,AM-07,2025-12-06,2025-12-06
1241,Blue Gallery 47,Grocery,AM-07,2025-12-06,2025-12-06
1242,River Basket 48,Grocery,AM-04,2026-01-07,2026-01-07
1243,Olive Corner 49,Fashion,,2026-02-09,2026-02-09
1244,Amber Trunk 50,Home,AM-06,2025-12-06,2025-12-06
1245,Coral Trunk 51,Grocery,AM-02,2025-12-06,2025-12-06
1246,Juniper Studio 52,Electronics,AM-05,2025-12-06,2025-12-06
1247,River Pantry 53,Grocery,,2025-12-06,2025-12-06
1248,Amber Shelf 54,Books,AM-02,2025-12-06,2025-12-06
1249,Cedar Pantry 55,Home,,2025-12-06,2025-12-06
1250,Amber Shelf 56,Electronics,AM-07,2025-12-06,2025-12-06
1251,Pebble Works 57,Books,AM-07,2025-12-06,2025-12-06
1252,Coral Works 58,Beauty,AM-01,2025-12-06,2025-12-06
1254,Silver Market 60,Beauty,AM-03,2025-12-06,2025-12-06
1255,Coral Supply 61,Home,AM-04,2025-12-06,2025-12-06
1256,Granite Thread 62,Electronics,AM-05,2025-12-06,2025-12-06
1257,Pebble Trunk 63,Books,AM-05,2025-12-06,2025-12-06
1258,Maple Lantern 64,Grocery,AM-08,2025-12-06,2025-12-06
1259,Lotus Gallery 65,Beauty,AM-02,2025-12-06,2025-12-06
1260,Amber Thread 66,Fashion,AM-02,2025-12-06,2025-12-06
1261,Sunrise Supply 67,Electronics,AM-08,2025-12-06,2025-12-06
1262,Lotus Loft 68,Books,AM-04,2025-12-06,2025-12-06
1263,Silver Studio 69,Books,AM-08,2025-12-06,2025-12-06
1264,Sunrise Pantry 70,Fashion,AM-02,2025-12-06,2025-12-06
1265,Juniper Market 71,Books,AM-08,2025-12-06,2025-12-06
1266,Coral Loft 72,Grocery,AM-05,2025-12-06,2025-12-06
1267,Saffron Basket 73,Books,AM-01,2025-12-06,2025-12-06
1268,Amber Shelf 74,Fashion,AM-08,2025-12-06,2025-12-06
1269,Ivory Trunk 75,Grocery,AM-04,2026-02-19,2026-02-19
1270,Harbor Shelf 76,Grocery,AM-03,2025-12-06,2025-12-06
1271,Juniper Gallery 77,Books,,2025-12-06,2025-12-06
1272,Pebble Basket 78,Grocery,AM-04,2026-02-07,2026-02-07
1274,Harbor Thread 80,Fashion,,2025-12-06,2025-12-06
1275,Saffron Wardrobe 81,Electronics,AM-04,2025-12-06,2025-12-06
1276,Meadow Supply 82,Home,AM-02,2025-12-06,2025-12-06
1277,Ivory Loft 83,Books,,2025-12-06,2025-12-06
1278,Silver Trunk 84,Electronics,AM-07,2025-12-06,2025-12-06
1279,Harbor Lantern 85,Grocery,AM-01,2025-12-06,2025-12-06
1280,Ivory Loft 86,Grocery,AM-07,2025-12-06,2025-12-06
1281,Willow Basket 87,Beauty,AM-07,2025-12-06,2025-12-06
1282,Ivory Wardrobe 88,Books,AM-01,2025-12-06,2025-12-06
1283,Saffron Works 89,Grocery,AM-03,2025-12-06,2025-12-06
1284,Indigo Market 90,Electronics,AM-02,2025-12-06,2025-12-06
1285,River Wardrobe 91,Grocery,,2025-12-06,2025-12-06
1286,Copper Thread 92,Grocery,AM-03,2026-02-28,2026-02-28
1287,Ivory Cart 93,Beauty,AM-06,2025-12-06,2025-12-06
1288,Maple Shelf 94,Home,,2025-12-06,2025-12-06
1289,Maple Market 95,Fashion,AM-01,2025-12-06,2025-12-06
1290,Coral Trunk 96,Beauty,AM-07,2025-12-06,2025-12-06
1291,Ivory Works 97,Beauty,AM-05,2025-12-06,2025-12-06
1292,Juniper Basket 1,Beauty,AM-01,2026-01-21,2026-01-21
1293,River Basket 2,Beauty,,2025-12-06,2025-12-06
1294,Sunrise Pantry 3,Beauty,AM-04,2025-12-06,2025-12-06
1295,Blue Works 4,Beauty,AM-05,2026-02-21,2026-02-21
1296,Pebble Pantry 5,Grocery,,2025-12-06,2025-12-06
1297,Maple Loft 6,Grocery,AM-07,2025-12-06,2025-12-06
1298,Saffron Thread 7,Home,AM-01,2025-12-06,2025-12-06
1299,Saffron Trunk 8,Grocery,,2026-01-11,2026-01-11
1300,Blue Pantry 9,Fashion,,2025-12-06,2025-12-06
1301,Cedar Shelf 10,Books,AM-01,2025-12-06,2025-12-06
1302,Cedar Cart 11,Home,AM-05,2025-12-06,2025-12-06
1303,Coral Loft 12,Home,AM-07,2025-12-06,2025-12-06
1304,Olive Lantern 13,Beauty,,2025-12-06,2025-12-06
1305,Pebble Studio 14,Books,AM-04,2025-12-06,2025-12-06
1306,Pebble Shelf 15,Fashion,AM-05,2025-12-06,2025-12-06
1308,Cedar Loft 17,Books,,2025-12-06,2025-12-06
1309,Willow Wardrobe 18,Electronics,AM-07,2026-01-20,2026-01-20
1310,Meadow Gallery 19,Fashion,AM-07,2025-12-06,2025-12-06
1311,River Supply 20,Beauty,AM-06,2025-12-06,2025-12-06
1312,Saffron Wardrobe 21,Books,AM-04,2025-12-06,2025-12-06
1313,Willow Shelf 22,Books,AM-03,2025-12-06,2025-12-06
1314,Copper Cart 23,Fashion,,2025-12-06,2025-12-06
1315,River Market 24,Books,,2025-12-06,2025-12-06
1316,Lotus Works 25,Books,AM-06,2025-12-06,2025-12-06
1317,Blue Loft 26,Beauty,,2025-12-06,2025-12-06
1318,Olive Gallery 27,Electronics,AM-02,2026-02-08,2026-02-08
1319,Saffron Basket 28,Beauty,AM-02,2025-12-06,2025-12-06
