parcel_id,merchant_id,hub_id,created_at,closed_at,status,weight_g,updated_at
541681,1203,11,2026-03-03 17:55:17,,in_transit,181,2026-03-03 17:55:17.000000000
541682,1204,4,2026-03-03 14:10:23,,in_transit,410,2026-03-03 14:10:23.000000000
541683,1204,24,2026-03-03 08:12:43,,in_transit,321,2026-03-03 08:12:43.000000000
541684,1204,1,2026-03-03 12:18:04,2026-03-04 05:08:01.887384448,delivered,760,2026-03-04 05:08:01.887384448
541685,1204,11,2026-03-03 09:36:16,2026-03-03 19:55:23.784921377,delivered,446,2026-03-03 19:55:23.784921377
541686,1204,5,2026-03-03 18:23:56,,in_transit,1284,2026-03-03 18:23:56.000000000
541687,1205,24,2026-03-03 11:08:19,2026-03-03 19:13:50.317951252,delivered,568,2026-03-03 19:13:50.317951252
541688,1206,14,2026-03-03 16:26:53,,in_transit,531,2026-03-03 16:26:53.000000000
541689,1206,4,2026-03-03 17:21:08,,in_transit,1276,2026-03-03 17:21:08.000000000
541690,1206,23,2026-03-03 14:44:27,,in_transit,1264,2026-03-03 14:44:27.000000000
541691,1206,11,2026-03-03 08:03:58,,in_transit,132,2026-03-03 08:03:58.000000000
541692,1206,14,2026-03-03 10:23:19,,in_transit,1054,2026-03-03 10:23:19.000000000
541693,1206,17,2026-03-03 16:05:08,,in_transit,539,2026-03-03 16:05:08.000000000
541694,1206,1,2026-03-03 12:43:55,,in_transit,1910,2026-03-03 12:43:55.000000000
541695,1207,2,2026-03-03 16:59:48,,in_transit,872,2026-03-03 16:59:48.000000000
541696,1207,5,2026-03-03 15:20:23,,in_transit,252,2026-03-03 15:20:23.000000000
541697,1207,5,2026-03-03 11:47:03,2026-03-03 23:53:35.201721005,delivered,1871,2026-03-03 23:53:35.201721005
541698,1208,20,2026-03-03 18:40:58,,in_transit,200,2026-03-03 18:40:58.000000000
541699,1209,4,2026-03-03 16:44:34,2026-03-03 23:56:34.000000000,delivered,51,2026-03-03 23:56:34.000000000
541700,1209,13,2026-03-03 08:49:14,,in_transit,371,2026-03-03 08:49:14.000000000
541701,1209,4,2026-03-03 18:39:24,,in_transit,1274,2026-03-03 18:39:24.000000000
541702,1210,5,2026-03-03 10:46:30,,in_transit,864,2026-03-03 10:46:30.000000000
541703,1210,6,2026-03-03 10:39:53,2026-03-04 03:04:18.695275135,delivered,1130,2026-03-04 03:04:18.695275135
541704,1210,15,2026-03-03 08:05:06,,in_transit,161,2026-03-03 08:05:06.000000000
541705,1210,13,2026-03-03 11:28:08,,in_transit,200,2026-03-03 11:28:08.000000000
541706,1210,1,2026-03-03 18:57:20,,in_transit,230,2026-03-03 18:57:20.000000000
541707,1210,8,2026-03-03 15:57:50,,in_transit,727,2026-03-03 15:57:50.000000000
541708,1210,8,2026-03-03 18:04:03,2026-03-04 01:16:03.000000000,delivered,893,2026-03-04 01:16:03.000000000
541709,1210,8,2026-03-03 08:56:42,2026-03-03 20:14:24.504719000,delivered,277,2026-03-03 20:14:24.504719000
541710,1210,3,2026-03-03 09:43:32,2026-03-03 22:18:45.298455328,delivered,475,2026-03-03 22:18:45.298455328
541711,1212,7,2026-03-03 12:55:16,,in_transit,246,2026-03-03 12:55:16.000000000
541712,1212,1,2026-03-03 18:26:09,,in_transit,615,2026-03-03 18:26:09.000000000
541713,1212,8,2026-03-03 17:32:42,,in_transit,2253,2026-03-03 17:32:42.000000000
541714,1212,15,2026-03-03 14:55:07,,in_transit,3976,2026-03-03 14:55:07.000000000
541715,1213,3,2026-03-03 20:23:26,,in_transit,80,2026-03-03 20:23:26.000000000
541716,1213,8,2026-03-03 09:39:28,,in_transit,418,2026-03-03 09:39:28.000000000
541717,1213,21,2026-03-03 18:32:35,,in_transit,628,2026-03-03 18:32:35.000000000
541718,1213,16,2026-03-03 10:12:19,2026-03-04 02:59:27.765769883,delivered,171,2026-03-04 02:59:27.765769883
541719,1213,5,2026-03-03 13:03:56,2026-03-03 20:15:56.000000000,delivered,306,2026-03-03 20:15:56.000000000
541720,1213,4,2026-03-03 17:22:11,,in_transit,186,2026-03-03 17:22:11.000000000
541721,1213,16,2026-03-03 11:57:41,,in_transit,320,2026-03-03 11:57:41.000000000
541722,1213,24,2026-03-03 08:43:56,,in_transit,555,2026-03-03 08:43:56.000000000
541723,1213,9,2026-03-03 08:39:05,2026-03-03 21:39:03.670993284,returned,257,2026-03-03 21:39:03.670993284
541724,1213,3,2026-03-03 14:09:30,,in_transit,379,2026-03-03 14:09:30.000000000
541725,1213,16,2026-03-03 19:30:58,,in_transit,557,2026-03-03 19:30:58.000000000
541726,1213,9,2026-03-03 20:28:22,,in_transit,648,2026-03-03 20:28:22.000000000
541727,1213,2,2026-03-03 14:29:03,2026-03-04 02:01:29.233861007,delivered,913,2026-03-04 02:01:29.233861007
541728,1213,4,2026-03-03 18:20:45,,in_transit,137,2026-03-03 18:20:45.000000000
541729,1214,8,2026-03-03 16:32:12,,in_transit,733,2026-03-03 16:32:12.000000000
541730,1214,20,2026-03-03 08:49:49,,in_transit,652,2026-03-03 08:49:49.000000000
541731,1215,1,2026-03-03 12:59:37,,in_transit,256,2026-03-03 12:59:37.000000000
541732,1218,4,2026-03-03 11:14:55,,in_transit,251,2026-03-03 11:14:55.000000000
541733,1218,14,2026-03-03 16:48:23,,in_transit,256,2026-03-03 16:48:23.000000000
541734,1219,10,2026-03-03 10:02:00,,in_transit,3742,2026-03-03 10:02:00.000000000
541735,1219,1,2026-03-03 14:10:57,,in_transit,705,2026-03-03 14:10:57.000000000
541736,1219,8,2026-03-03 20:32:13,,in_transit,967,2026-03-03 20:32:13.000000000
541737,1219,8,2026-03-03 18:43:14,,in_transit,449,2026-03-03 18:43:14.000000000
541738,1219,4,2026-03-03 17:41:29,,in_transit,534,2026-03-03 17:41:29.000000000
541739,1223,19,2026-03-03 18:55:06,,in_transit,381,2026-03-03 18:55:06.000000000
541740,1223,2,2026-03-03 17:58:49,,in_transit,453,2026-03-03 17:58:49.000000000
541741,1223,2,2026-03-03 13:47:42,,in_transit,76,2026-03-03 13:47:42.000000000
541742,1223,4,2026-03-03 17:48:51,,in_transit,1116,2026-03-03 17:48:51.000000000
541743,1224,19,2026-03-03 11:57:32,,in_transit,632,2026-03-03 11:57:32.000000000
541744,1225,6,2026-03-03 19:10:50,2026-03-04 05:12:48.554958751,delivered,123,2026-03-04 05:12:48.554958751
541745,1225,10,2026-03-03 12:05:24,,in_transit,836,2026-03-03 12:05:24.000000000
541746,1226,19,2026-03-03 20:26:42,,in_transit,104,2026-03-03 20:26:42.000000000
541747,1226,20,2026-03-03 14:07:39,,in_transit,898,2026-03-03 14:07:39.000000000
541748,1226,3,2026-03-03 20:49:56,2026-03-04 05:11:33.171522540,delivered,267,2026-03-04 05:11:33.171522540
541749,1226,1,2026-03-03 13:50:58,2026-03-04 05:16:29.877391178,delivered,926,2026-03-04 05:16:29.877391178
541750,1226,1,2026-03-03 13:22:10,,in_transit,529,2026-03-03 13:22:10.000000000
541751,1226,7,2026-03-03 09:15:42,,in_transit,98,2026-03-03 09:15:42.000000000
541752,1226,2,2026-03-03 20:39:02,2026-03-04 03:51:02.000000000,returned,270,2026-03-04 03:51:02.000000000
541753,1229,2,2026-03-03 18:52:43,,in_transit,483,2026-03-03 18:52:43.000000000
541754,1229,4,2026-03-03 14:06:52,,in_transit,545,2026-03-03 14:06:52.000000000
541755,1229,13,2026-03-03 14:41:50,,in_transit,510,2026-03-03 14:41:50.000000000
541756,1231,11,2026-03-03 17:05:12,2026-03-04 01:20:47.215109838,delivered,362,2026-03-04 01:20:47.215109838
541757,1231,5,2026-03-03 18:36:29,2026-03-04 03:20:55.553831679,returned,493,2026-03-04 03:20:55.553831679
541758,1232,7,2026-03-03 17:01:25,,in_transit,933,2026-03-03 17:01:25.000000000
541759,1233,7,2026-03-03 08:16:40,,in_transit,260,2026-03-03 08:16:40.000000000
541760,1234,24,2026-03-03 12:01:10,,in_transit,218,2026-03-03 12:01:10.000000000
541761,1234,22,2026-03-03 14:26:34,,in_transit,1598,2026-03-03 14:26:34.000000000
541762,1234,16,2026-03-03 17:22:02,,in_transit,1101,2026-03-03 17:22:02.000000000
541763,1234,6,2026-03-03 11:27:23,,in_transit,459,2026-03-03 11:27:23.000000000
541764,1234,5,2026-03-03 19:19:57,,in_transit,440,2026-03-03 19:19:57.000000000
541765,1235,21,2026-03-03 19:12:16,,in_transit,431,2026-03-03 19:12:16.000000000
541766,1237,20,2026-03-03 17:31:42,,in_transit,553,2026-03-03 17:31:42.000000000
541767,1237,5,2026-03-03 18:20:54,,in_transit,506,2026-03-03 18:20:54.000000000
541768,1237,1,2026-03-03 19:08:40,,in_transit,116,2026-03-03 19:08:40.000000000
541769,1237,1,2026-03-03 08:36:01,,in_transit,224,2026-03-03 08:36:01.000000000
541770,1239,3,2026-03-03 09:09:30,,in_transit,505,2026-03-03 09:09:30.000000000
541771,1240,12,2026-03-03 10:09:04,,in_transit,430,2026-03-03 10:09:04.000000000
541772,1240,1,2026-03-03 09:59:40,,in_transit,364,2026-03-03 09:59:40.000000000
541773,1240,11,2026-03-03 10:57:55,,in_transit,1795,2026-03-03 10:57:55.000000000
541774,1240,17,2026-03-03 18:00:50,,in_transit,779,2026-03-03 18:00:50.000000000
541775,1240,14,2026-03-03 17:54:04,,in_transit,1136,2026-03-03 17:54:04.000000000
541776,1241,8,2026-03-03 16:51:03,,in_transit,299,2026-03-03 16:51:03.000000000
541777,1241,1,2026-03-03 16:52:23,,in_transit,886,2026-03-03 16:52:23.000000000
541778,1241,6,2026-03-03 08:53:35,2026-03-03 23:02:48.461870009,delivered,456,2026-03-03 23:02:48.461870009
541779,1241,20,2026-03-03 18:47:13,,in_transit,515,2026-03-03 18:47:13.000000000
541780,1241,3,2026-03-03 12:07:02,,in_transit,112,2026-03-03 12:07:02.000000000
541781,1241,7,2026-03-03 18:09:18,,in_transit,88,2026-03-03 18:09:18.000000000
541782,1241,4,2026-03-03 20:21:38,,in_transit,1358,2026-03-03 20:21:38.000000000
541783,1241,2,2026-03-03 12:57:57,2026-03-03 23:01:18.801225651,delivered,1160,2026-03-03 23:01:18.801225651
541784,1244,13,2026-03-03 10:38:18,2026-03-03 21:02:23.810004138,delivered,579,2026-03-03 21:02:23.810004138
541785,1244,5,2026-03-03 19:50:53,2026-03-04 03:02:53.000000000,delivered,119,2026-03-04 03:02:53.000000000
541786,1244,5,2026-03-03 12:02:58,,in_transit,616,2026-03-03 12:02:58.000000000
541787,1244,21,2026-03-03 13:58:28,,in_transit,479,2026-03-03 13:58:28.000000000
541788,1244,10,2026-03-03 09:47:21,,in_transit,81,2026-03-03 09:47:21.000000000
541789,1244,7,2026-03-03 20:10:57,,in_transit,529,2026-03-03 20:10:57.000000000
541790,1244,24,2026-03-03 15:27:53,,in_transit,111,2026-03-03 15:27:53.000000000
541791,1244,11,2026-03-03 08:38:40,,in_transit,1040,2026-03-03 08:38:40.000000000
541792,1245,23,2026-03-03 20:43:22,,in_transit,155,2026-03-03 20:43:22.000000000
541793,1248,12,2026-03-03 20:15:09,,in_transit,120,2026-03-03 20:15:09.000000000
541794,1248,19,2026-03-03 20:50:57,,in_transit,1222,2026-03-03 20:50:57.000000000
541795,1248,24,2026-03-03 18:18:00,,in_transit,259,2026-03-03 18:18:00.000000000
541796,1250,23,2026-03-03 16:18:38,,in_transit,240,2026-03-03 16:18:38.000000000
541797,1251,6,2026-03-03 16:50:23,,in_transit,490,2026-03-03 16:50:23.000000000
541798,1251,3,2026-03-03 18:22:14,,in_transit,201,2026-03-03 18:22:14.000000000
541799,1251,21,2026-03-03 18:27:36,,in_transit,632,2026-03-03 18:27:36.000000000
541800,1251,23,2026-03-03 16:25:25,,in_transit,828,2026-03-03 16:25:25.000000000
541801,1251,11,2026-03-03 17:57:30,,in_transit,170,2026-03-03 17:57:30.000000000
541802,1251,5,2026-03-03 18:29:17,,in_transit,135,2026-03-03 18:29:17.000000000
541803,1251,9,2026-03-03 18:53:56,,in_transit,391,2026-03-03 18:53:56.000000000
541804,1251,11,2026-03-03 20:54:59,,in_transit,135,2026-03-03 20:54:59.000000000
541805,1255,11,2026-03-03 18:11:32,,in_transit,665,2026-03-03 18:11:32.000000000
541806,1256,2,2026-03-03 19:56:18,,in_transit,998,2026-03-03 19:56:18.000000000
541807,1256,14,2026-03-03 11:50:13,,in_transit,353,2026-03-03 11:50:13.000000000
541808,1256,4,2026-03-03 17:07:36,,in_transit,546,2026-03-03 17:07:36.000000000
541809,1256,1,2026-03-03 11:22:56,2026-03-03 18:34:56.000000000,delivered,1252,2026-03-03 18:34:56.000000000
541810,1256,8,2026-03-03 08:14:47,,in_transit,215,2026-03-03 08:14:47.000000000
541811,1256,2,2026-03-03 09:41:21,,in_transit,411,2026-03-03 09:41:21.000000000
541812,1256,2,2026-03-03 11:10:05,,in_transit,1238,2026-03-03 11:10:05.000000000
541813,1256,13,2026-03-03 20:12:13,2026-03-04 03:24:13.000000000,delivered,313,2026-03-04 03:24:13.000000000
541814,1256,6,2026-03-03 13:46:59,,in_transit,811,2026-03-03 13:46:59.000000000
541815,1256,7,2026-03-03 10:59:22,2026-03-03 18:11:22.000000000,delivered,245,2026-03-03 18:11:22.000000000
541816,1257,2,2026-03-03 15:13:49,2026-03-03 22:25:49.000000000,returned,1789,2026-03-03 22:25:49.000000000
541817,1258,6,2026-03-03 18:25:02,,in_transit,333,2026-03-03 18:25:02.000000000
541818,1258,7,2026-03-03 08:40:26,,in_transit,749,2026-03-03 08:40:26.000000000
541819,1258,7,2026-03-03 20:36:02,,in_transit,335,2026-03-03 20:36:02.000000000
541820,1258,15,2026-03-03 08:57:11,,in_transit,1365,2026-03-03 08:57:11.000000000
541821,1258,14,2026-03-03 20:23:18,,in_transit,222,2026-03-03 20:23:18.000000000
541822,1258,5,2026-03-03 12:47:42,,in_transit,398,2026-03-03 12:47:42.000000000
541823,1258,4,2026-03-03 17:18:50,2026-03-04 00:30:50.000000000,delivered,601,2026-03-04 00:30:50.000000000
541824,1258,12,2026-03-03 08:03:11,,in_transit,1777,2026-03-03 08:03:11.000000000
541825,1258,6,2026-03-03 11:10:15,2026-03-03 20:52:39.175837802,delivered,184,2026-03-03 20:52:39.175837802
541826,1258,5,2026-03-03 11:55:21,,in_transit,2125,2026-03-03 11:55:21.000000000
541827,1258,2,2026-03-03 08:31:02,2026-03-03 22:49:09.283400972,delivered,676,2026-03-03 22:49:09.283400972
541828,1258,14,2026-03-03 08:49:01,,in_transit,1440,2026-03-03 08:49:01.000000000
541829,1258,24,2026-03-03 17:13:27,,in_transit,594,2026-03-03 17:13:27.000000000
541830,1258,18,2026-03-03 08:21:51,,in_transit,343,2026-03-03 08:21:51.000000000
541831,1258,2,2026-03-03 18:51:38,,in_transit,172,2026-03-03 18:51:38.000000000
541832,1258,1,2026-03-03 19:32:30,,in_transit,144,2026-03-03 19:32:30.000000000
541833,1258,3,2026-03-03 09:53:21,2026-03-03 21:56:32.021915407,delivered,1198,2026-03-03 21:56:32.021915407
541834,1258,5,2026-03-03 12:11:12,,in_transit,457,2026-03-03 12:11:12.000000000
541835,1258,3,2026-03-03 11:25:13,,in_transit,1087,2026-03-03 11:25:13.000000000
541836,1258,7,2026-03-03 19:00:31,,in_transit,958,2026-03-03 19:00:31.000000000
541837,1258,3,2026-03-03 14:03:31,2026-03-03 21:32:43.095288283,returned,222,2026-03-03 21:32:43.095288283
541838,1258,18,2026-03-03 13:34:58,,in_transit,146,2026-03-03 13:34:58.000000000
541839,1258,10,2026-03-03 10:11:25,,in_transit,289,2026-03-03 10:11:25.000000000
541840,1259,21,2026-03-03 16:43:57,,in_transit,99,2026-03-03 16:43:57.000000000
541841,1259,2,2026-03-03 16:58:31,,in_transit,544,2026-03-03 16:58:31.000000000
541842,1259,7,2026-03-03 15:24:54,2026-03-04 04:51:38.302397262,delivered,445,2026-03-04 04:51:38.302397262
541843,1259,22,2026-03-03 18:51:44,,in_transit,721,2026-03-03 18:51:44.000000000
541844,1259,11,2026-03-03 08:31:57,,in_transit,433,2026-03-03 08:31:57.000000000
541845,1259,4,2026-03-03 14:46:51,2026-03-04 04:48:19.815559533,delivered,2974,2026-03-04 04:48:19.815559533
541846,1259,18,2026-03-03 15:16:32,,in_transit,1418,2026-03-03 15:16:32.000000000
541847,1259,17,2026-03-03 09:25:07,,in_transit,1503,2026-03-03 09:25:07.000000000
541848,1259,1,2026-03-03 12:10:25,,in_transit,1190,2026-03-03 12:10:25.000000000
541849,1259,2,2026-03-03 10:33:06,,in_transit,265,2026-03-03 10:33:06.000000000
541850,1260,12,2026-03-03 12:11:34,,in_transit,174,2026-03-03 12:11:34.000000000
541851,1260,23,2026-03-03 10:26:15,,in_transit,748,2026-03-03 10:26:15.000000000
541852,1260,6,2026-03-03 15:21:55,,in_transit,883,2026-03-03 15:21:55.000000000
541853,1261,1,2026-03-03 15:25:31,,in_transit,345,2026-03-03 15:25:31.000000000
541854,1261,4,2026-03-03 18:05:35,,in_transit,434,2026-03-03 18:05:35.000000000
541855,1263,7,2026-03-03 13:17:04,,in_transit,182,2026-03-03 13:17:04.000000000
541856,1265,6,2026-03-03 10:08:49,2026-03-03 21:16:58.287846399,returned,473,2026-03-03 21:16:58.287846399
541857,1265,9,2026-03-03 14:07:41,2026-03-04 04:18:20.479589796,delivered,281,2026-03-04 04:18:20.479589796
541858,1265,5,2026-03-03 13:03:40,2026-03-04 00:03:41.335600624,delivered,689,2026-03-04 00:03:41.335600624
541859,1266,13,2026-03-03 08:25:16,,in_transit,955,2026-03-03 08:25:16.000000000
541860,1266,8,2026-03-03 16:21:56,2026-03-04 02:04:16.809595972,delivered,386,2026-03-04 02:04:16.809595972
541861,1269,20,2026-03-03 09:16:42,,in_transit,244,2026-03-03 09:16:42.000000000
541862,1269,9,2026-03-03 12:17:48,,in_transit,1780,2026-03-03 12:17:48.000000000
541863,1269,10,2026-03-03 09:40:57,,in_transit,1313,2026-03-03 09:40:57.000000000
541864,1270,8,2026-03-03 08:01:15,,in_transit,401,2026-03-03 08:01:15.000000000
541865,1270,2,2026-03-03 08:41:31,,in_transit,309,2026-03-03 08:41:31.000000000
541866,1270,5,2026-03-03 15:12:10,,in_transit,289,2026-03-03 15:12:10.000000000
541867,1270,13,2026-03-03 12:58:06,,in_transit,570,2026-03-03 12:58:06.000000000
541868,1270,13,2026-03-03 09:07:04,,in_transit,530,2026-03-03 09:07:04.000000000
541869,1271,22,2026-03-03 12:26:05,,in_transit,882,2026-03-03 12:26:05.000000000
541870,1272,24,2026-03-03 08:03:16,,in_transit,345,2026-03-03 08:03:16.000000000
541871,1272,11,2026-03-03 09:31:55,,in_transit,1272,2026-03-03 09:31:55.000000000
541872,1272,3,2026-03-03 09:48:00,,in_transit,1020,2026-03-03 09:48:00.000000000
541873,1274,13,2026-03-03 14:13:36,,in_transit,126,2026-03-03 14:13:36.000000000
541874,1274,12,2026-03-03 10:45:56,,in_transit,274,2026-03-03 10:45:56.000000000
541875,1274,21,2026-03-03 10:03:10,,in_transit,446,2026-03-03 10:03:10.000000000
541876,1274,2,2026-03-03 16:41:37,2026-03-03 23:53:37.000000000,delivered,203,2026-03-03 23:53:37.000000000
541877,1275,13,2026-03-03 10:38:39,,in_transit,1541,2026-03-03 10:38:39.000000000
541878,1275,3,2026-03-03 17:53:38,,in_transit,1800,2026-03-03 17:53:38.000000000
541879,1275,1,2026-03-03 09:28:06,2026-03-03 22:13:55.040859948,delivered,240,2026-03-03 22:13:55.040859948
541880,1275,13,2026-03-03 18:07:00,,in_transit,497,2026-03-03 18:07:00.000000000
541881,1277,15,2026-03-03 13:42:27,2026-03-03 22:41:49.680731742,delivered,983,2026-03-03 22:41:49.680731742
541882,1277,23,2026-03-03 10:44:34,,in_transit,111,2026-03-03 10:44:34.000000000
541883,1277,11,2026-03-03 09:52:28,,in_transit,397,2026-03-03 09:52:28.000000000
541884,1280,12,2026-03-03 09:58:57,,in_transit,102,2026-03-03 09:58:57.000000000
541885,1280,5,2026-03-03 08:49:23,2026-03-03 17:44:01.552361399,returned,811,2026-03-03 17:44:01.552361399
541886,1280,4,2026-03-03 13:13:02,,in_transit,1473,2026-03-03 13:13:02.000000000
541887,1280,16,2026-03-03 15:41:14,,in_transit,386,2026-03-03 15:41:14.000000000
541888,1280,8,2026-03-03 15:02:43,,in_transit,932,2026-03-03 15:02:43.000000000
541889,1280,17,2026-03-03 12:19:57,,in_transit,277,2026-03-03 12:19:57.000000000
541890,1280,5,2026-03-03 18:47:51,,in_transit,332,2026-03-03 18:47:51.000000000
541891,1282,3,2026-03-03 18:38:14,,in_transit,1051,2026-03-03 18:38:14.000000000
541892,1282,12,2026-03-03 13:10:07,,in_transit,603,2026-03-03 13:10:07.000000000
541893,1282,13,2026-03-03 10:10:44,,in_transit,397,2026-03-03 10:10:44.000000000
541894,1285,13,2026-03-03 13:15:59,,in_transit,543,2026-03-03 13:15:59.000000000
541895,1285,24,2026-03-03 12:20:39,,in_transit,3598,2026-03-03 12:20:39.000000000
541896,1286,6,2026-03-03 19:15:14,,in_transit,540,2026-03-03 19:15:14.000000000
541897,1286,6,2026-03-03 12:48:44,,in_transit,525,2026-03-03 12:48:44.000000000
541898,1286,4,2026-03-03 11:48:11,,in_transit,684,2026-03-03 11:48:11.000000000
541899,1286,16,2026-03-03 09:46:22,,in_transit,494,2026-03-03 09:46:22.000000000
541900,1286,13,2026-03-03 16:29:45,,in_transit,814,2026-03-03 16:29:45.000000000
541901,1286,11,2026-03-03 14:10:07,,in_transit,526,2026-03-03 14:10:07.000000000
541902,1286,10,2026-03-03 08:11:51,2026-03-03 15:23:51.000000000,delivered,706,2026-03-03 15:23:51.000000000
541903,1286,3,2026-03-03 09:47:29,,in_transit,812,2026-03-03 09:47:29.000000000
541904,1286,2,2026-03-03 08:58:28,2026-03-03 22:53:22.935957370,delivered,335,2026-03-03 22:53:22.935957370
541905,1287,2,2026-03-03 10:51:56,,in_transit,450,2026-03-03 10:51:56.000000000
541906,1287,3,2026-03-03 14:56:06,,in_transit,2018,2026-03-03 14:56:06.000000000
541907,1289,19,2026-03-03 08:43:13,,in_transit,790,2026-03-03 08:43:13.000000000
541908,1289,19,2026-03-03 11:34:11,,in_transit,1236,2026-03-03 11:34:11.000000000
541909,1289,9,2026-03-03 17:10:03,,in_transit,560,2026-03-03 17:10:03.000000000
541910,1290,1,2026-03-03 12:52:26,,in_transit,332,2026-03-03 12:52:26.000000000
541911,1290,11,2026-03-03 10:40:33,2026-03-03 21:14:32.681917719,delivered,178,2026-03-03 21:14:32.681917719
541912,1290,8,2026-03-03 16:17:03,,in_transit,193,2026-03-03 16:17:03.000000000
541913,1290,5,2026-03-03 10:39:40,2026-03-04 02:04:15.050022994,delivered,1747,2026-03-04 02:04:15.050022994
541914,1290,13,2026-03-03 19:21:21,,in_transit,201,2026-03-03 19:21:21.000000000
541915,1290,9,2026-03-03 19:20:20,,in_transit,2494,2026-03-03 19:20:20.000000000
541916,1290,8,2026-03-03 11:19:48,,in_transit,692,2026-03-03 11:19:48.000000000
541917,1290,2,2026-03-03 10:38:55,,in_transit,2159,2026-03-03 10:38:55.000000000
541918,1290,5,2026-03-03 08:05:03,2026-03-03 21:30:49.833341946,delivered,469,2026-03-03 21:30:49.833341946
541919,1290,6,2026-03-03 11:45:44,,in_transit,499,2026-03-03 11:45:44.000000000
541920,1291,9,2026-03-03 15:16:42,2026-03-04 05:56:26.206610952,delivered,263,2026-03-04 05:56:26.206610952
541921,1292,4,2026-03-03 10:16:07,2026-03-04 01:17:48.121474755,returned,289,2026-03-04 01:17:48.121474755
541922,1292,8,2026-03-03 10:36:44,,in_transit,176,2026-03-03 10:36:44.000000000
541923,1294,20,2026-03-03 17:37:10,,in_transit,255,2026-03-03 17:37:10.000000000
541924,1294,11,2026-03-03 17:12:52,,in_transit,1222,2026-03-03 17:12:52.000000000
541925,1294,8,2026-03-03 12:23:45,,in_transit,1078,2026-03-03 12:23:45.000000000
541926,1295,4,2026-03-03 20:21:09,,in_transit,407,2026-03-03 20:21:09.000000000
541927,1295,21,2026-03-03 12:18:27,,in_transit,765,2026-03-03 12:18:27.000000000
541928,1295,8,2026-03-03 14:57:56,2026-03-04 01:58:24.955239090,delivered,1045,2026-03-04 01:58:24.955239090
541929,1295,13,2026-03-03 16:20:45,2026-03-03 23:32:45.000000000,delivered,624,2026-03-03 23:32:45.000000000
541930,1295,1,2026-03-03 10:47:46,,in_transit,452,2026-03-03 10:47:46.000000000
541931,1297,10,2026-03-03 18:10:38,,in_transit,316,2026-03-03 18:10:38.000000000
541932,1298,21,2026-03-03 16:00:43,,in_transit,503,2026-03-03 16:00:43.000000000
541933,1300,2,2026-03-03 11:55:03,,in_transit,312,2026-03-03 11:55:03.000000000
541934,1301,4,2026-03-03 08:40:42,,in_transit,97,2026-03-03 08:40:42.000000000
541935,1301,1,2026-03-03 08:48:19,,in_transit,308,2026-03-03 08:48:19.000000000
541936,1301,5,2026-03-03 12:30:01,,in_transit,494,2026-03-03 12:30:01.000000000
541937,1301,2,2026-03-03 20:28:53,,in_transit,1688,2026-03-03 20:28:53.000000000
541938,1301,6,2026-03-03 20:29:48,,in_transit,355,2026-03-03 20:29:48.000000000
541939,1301,5,2026-03-03 15:13:00,,in_transit,267,2026-03-03 15:13:00.000000000
541940,1301,5,2026-03-03 10:24:52,,in_transit,716,2026-03-03 10:24:52.000000000
541941,1301,1,2026-03-03 11:54:52,,in_transit,288,2026-03-03 11:54:52.000000000
541942,1301,14,2026-03-03 13:45:57,,in_transit,133,2026-03-03 13:45:57.000000000
541943,1301,13,2026-03-03 13:20:19,,in_transit,303,2026-03-03 13:20:19.000000000
541944,1301,4,2026-03-03 17:16:44,2026-03-04 04:41:30.235643618,delivered,344,2026-03-04 04:41:30.235643618
541945,1301,16,2026-03-03 20:08:16,,in_transit,243,2026-03-03 20:08:16.000000000
541946,1301,7,2026-03-03 12:35:00,,in_transit,886,2026-03-03 12:35:00.000000000
541947,1301,14,2026-03-03 11:44:45,,in_transit,3538,2026-03-03 11:44:45.000000000
541948,1301,2,2026-03-03 17:23:07,,in_transit,913,2026-03-03 17:23:07.000000000
541949,1301,1,2026-03-03 16:08:20,,in_transit,346,2026-03-03 16:08:20.000000000
541950,1301,9,2026-03-03 10:47:31,,in_transit,799,2026-03-03 10:47:31.000000000
541951,1301,3,2026-03-03 18:53:38,,in_transit,441,2026-03-03 18:53:38.000000000
541952,1304,15,2026-03-03 11:26:13,,in_transit,604,2026-03-03 11:26:13.000000000
541953,1304,8,2026-03-03 14:15:53,,in_transit,776,2026-03-03 14:15:53.000000000
541954,1306,19,2026-03-03 10:26:28,,in_transit,1140,2026-03-03 10:26:28.000000000
541955,1306,11,2026-03-03 15:59:27,,in_transit,138,2026-03-03 15:59:27.000000000
541956,1308,3,2026-03-03 15:41:32,,in_transit,649,2026-03-03 15:41:32.000000000
541957,1308,1,2026-03-03 18:38:39,,in_transit,448,2026-03-03 18:38:39.000000000
541958,1310,11,2026-03-03 12:24:18,,in_transit,910,2026-03-03 12:24:18.000000000
541959,1310,6,2026-03-03 09:09:37,2026-03-04 01:23:06.516753665,delivered,964,2026-03-04 01:23:06.516753665
541960,1311,14,2026-03-03 12:54:39,2026-03-03 22:38:41.530886346,delivered,391,2026-03-03 22:38:41.530886346
541961,1311,6,2026-03-03 15:47:54,,in_transit,1280,2026-03-03 15:47:54.000000000
541962,1311,10,2026-03-03 10:28:03,2026-03-03 17:40:03.000000000,delivered,798,2026-03-03 17:40:03.000000000
541963,1311,14,2026-03-03 16:13:01,,in_transit,367,2026-03-03 16:13:01.000000000
541964,1311,7,2026-03-03 20:52:32,,in_transit,501,2026-03-03 20:52:32.000000000
541965,1311,10,2026-03-03 13:47:41,2026-03-04 05:46:42.010765984,delivered,1121,2026-03-04 05:46:42.010765984
541966,1311,4,2026-03-03 08:58:03,,in_transit,127,2026-03-03 08:58:03.000000000
541967,1312,5,2026-03-03 15:47:53,,in_transit,3161,2026-03-03 15:47:53.000000000
541968,1312,5,2026-03-03 13:47:33,2026-03-03 23:09:14.386111113,returned,764,2026-03-03 23:09:14.386111113
541969,1314,4,2026-03-03 11:16:41,,in_transit,662,2026-03-03 11:16:41.000000000
541970,1314,5,2026-03-03 10:48:56,,in_transit,206,2026-03-03 10:48:56.000000000
541971,1314,8,2026-03-03 10:08:48,,in_transit,694,2026-03-03 10:08:48.000000000
541972,1316,2,2026-03-03 16:41:56,,in_transit,259,2026-03-03 16:41:56.000000000
541973,1316,2,2026-03-03 13:47:59,,in_transit,478,2026-03-03 13:47:59.000000000
541974,1316,7,2026-03-03 17:20:14,,in_transit,1248,2026-03-03 17:20:14.000000000
541975,1316,14,2026-03-03 15:12:53,,in_transit,544,2026-03-03 15:12:53.000000000
541976,1316,4,2026-03-03 10:17:29,,in_transit,662,2026-03-03 10:17:29.000000000
541977,1316,24,2026-03-03 13:01:15,,in_transit,2524,2026-03-03 13:01:15.000000000
541978,1318,5,2026-03-03 09:14:29,,in_transit,881,2026-03-03 09:14:29.000000000
541979,1319,16,2026-03-03 20:59:07,,in_transit,195,2026-03-03 20:59:07.000000000
541980,1319,5,2026-03-03 19:07:58,,in_transit,357,2026-03-03 19:07:58.000000000
