customer_id,went_quiet_on,came_back_on,days_silent
1175,2026-01-11,2026-01-25,14
1262,2026-01-12,2026-01-26,14
1147,2026-01-13,2026-01-27,14
1023,2026-01-12,2026-01-28,16
1057,2026-01-18,2026-02-04,17
1293,2026-01-22,2026-02-07,16
1152,2026-01-18,2026-02-09,22
1268,2026-01-13,2026-02-09,27
1023,2026-01-28,2026-02-11,14
1247,2026-01-26,2026-02-11,16
1089,2026-01-26,2026-02-13,18
1173,2026-01-26,2026-02-13,18
1284,2026-01-29,2026-02-13,15
1299,2026-01-28,2026-02-13,16
1122,2026-01-29,2026-02-15,17
1107,2026-01-31,2026-02-17,17
1075,2026-02-07,2026-02-23,16
1224,2026-02-13,2026-02-28,15
1134,2026-02-15,2026-03-01,14
1148,2026-02-11,2026-03-01,18
1138,2026-01-26,2026-03-03,36
