day,weekday,orders,normal_for_this_weekday,vs_yesterday_pct,vs_last_7_days_pct,vs_same_weekday_pct
2026-02-02,Monday,793,709.3,2.1,11.6,11.8
2026-02-03,Tuesday,780,698.8,-1.6,9.3,11.6
2026-02-04,Wednesday,776,710.0,-0.5,7.6,9.3
2026-02-05,Thursday,787,724.8,1.4,8.3,8.6
2026-02-06,Friday,418,409.3,-46.9,-42.9,2.1
2026-02-07,Saturday,780,738.0,86.6,6.8,5.7
2026-02-08,Sunday,808,721.8,3.6,10.7,12.0
2026-02-09,Monday,851,753.5,5.3,15.8,12.9
2026-02-10,Tuesday,815,736.0,-4.2,9.7,10.7
2026-02-11,Wednesday,786,745.3,-3.6,5.1,5.5
2026-02-12,Thursday,831,753.8,5.7,10.9,10.2
2026-02-13,Friday,463,419.0,-44.3,-38.7,10.5
2026-02-14,Saturday,834,753.3,80.1,9.4,10.7
2026-02-15,Sunday,871,743.0,4.4,13.2,17.2
2026-02-16,Monday,842,779.8,-3.3,8.1,8.0
2026-02-17,Tuesday,819,757.8,-2.7,5.3,8.1
2026-02-18,Wednesday,776,759.8,-5.3,-0.3,2.1
2026-02-19,Thursday,824,786.0,6.2,6.1,4.8
2026-02-20,Friday,475,432.8,-42.4,-38.8,9.8
2026-02-21,Saturday,856,782.5,80.2,10.1,9.4
2026-02-22,Sunday,829,798.5,-3.2,6.2,3.8
2026-02-23,Monday,808,814.8,-2.5,4.3,-0.8
2026-02-24,Tuesday,811,785.0,0.4,5.4,3.3
2026-02-25,Wednesday,868,769.3,7.0,13.0,12.8
2026-02-26,Thursday,823,798.8,-5.2,5.3,3.0
2026-02-27,Friday,445,445.5,-45.9,-43.1,-0.1
2026-02-28,Saturday,833,812.8,87.2,7.2,2.5
2026-03-01,Sunday,850,821.3,2.0,9.8,3.5
2026-03-02,Monday,836,823.5,-1.6,7.6,1.5
2026-03-03,Tuesday,845,806.3,1.1,8.2,4.8
2026-03-04,Wednesday,813,801.5,-3.8,3.5,1.4
